{
    "name": "Serendipity",
    "vendorId": "0x6F6A",
    "productId": "0x5344",
    "lighting": "none",
    "matrix": {
      "rows": 5,
      "cols": 14
    },
    "layouts": {
      "labels": [
        "Flip Backspace",
        [
          "Bottom Row",
          "WK 7u",
          "WK Split",
          "WK 6u",
          "WKL 7u",
          "WKL Split",
          "WKL 6u"
        ]
      ],
      "keymap": [
        [
          "0,0",
          {
            "x": 0.25
          },
          "0,1",
          "0,2",
          "0,3",
          "0,4",
          {
            "x": 0.3799999999999999
          },
          "0,5",
          "0,6",
          "0,7",
          "0,8",
          {
            "x": 0.3699999999999992
          },
          "0,9",
          "0,10",
          "0,11",
          "0,12"
        ],
        [
          {
            "y": 0.25,
            "w": 1.5
          },
          "1,0",
          "1,1",
          "1,2",
          "1,3",
          "1,4",
          "1,5",
          "1,6",
          "1,7",
          "1,8",
          "1,9",
          "1,10",
          {
            "w": 1.5
          },
          "1,11\n\n\n0,0",
          "1,12\n\n\n0,0",
          {
            "x": 0.25
          },
          "1,13",
          {
            "x": 0.25
          },
          "1,11\n\n\n0,1",
          {
            "w": 1.5
          },
          "1,12\n\n\n0,1"
        ],
        [
          {
            "w": 1.75
          },
          "2,0",
          "2,1",
          "2,2",
          "2,3",
          "2,4",
          "2,5",
          "2,6",
          "2,7",
          "2,8",
          "2,9",
          "2,10",
          {
            "w": 2.25
          },
          "2,11",
          {
            "x": 0.25
          },
          "2,13"
        ],
        [
          {
            "w": 2.25
          },
          "3,0",
          "3,1",
          "3,2",
          "3,3",
          "3,4",
          "3,5",
          "3,6",
          "3,7",
          "3,8",
          "3,9",
          "3,10",
          {
            "w": 1.75
          },
          "3,12",
          {
            "x": 0.25
          },
          "3,13"
        ],
        [
          {
            "w": 1.5
          },
          "4,0\n\n\n1,0",
          "4,1\n\n\n1,0",
          "4,2\n\n\n1,0",
          {
            "w": 7
          },
          "4,5\n\n\n1,0",
          "4,9\n\n\n1,0",
          "4,10\n\n\n1,0",
          {
            "w": 1.5
          },
          "4,12\n\n\n1,0",
          {
            "x": 0.25
          },
          "4,13"
        ],
        [
          {
            "w": 1.5
          },
          "4,0\n\n\n1,1",
          "4,1\n\n\n1,1",
          {
            "w": 1.5
          },
          "4,2\n\n\n1,1",
          {
            "w": 3
          },
          "4,4\n\n\n1,1",
          {
            "w": 3
          },
          "4,7\n\n\n1,1",
          {
            "w": 1.5
          },
          "4,9\n\n\n1,1",
          "4,10\n\n\n1,1",
          {
            "w": 1.5
          },
          "4,12\n\n\n1,1"
        ],
        [
          {
            "w": 1.5
          },
          "4,0\n\n\n1,2",
          "4,1\n\n\n1,2",
          {
            "w": 1.5
          },
          "4,2\n\n\n1,2",
          {
            "w": 6
          },
          "4,5\n\n\n1,2",
          {
            "w": 1.5
          },
          "4,9\n\n\n1,2",
          "4,10\n\n\n1,2",
          {
            "w": 1.5
          },
          "4,12\n\n\n1,2"
        ],
        [
          {
            "w": 1.5
          },
          "4,0\n\n\n1,3",
          {
            "x": 1
          },
          "4,2\n\n\n1,3",
          {
            "w": 7
          },
          "4,5\n\n\n1,3",
          "4,9\n\n\n1,3",
          {
            "x": 1,
            "w": 1.5
          },
          "4,12\n\n\n1,3"
        ],
        [
          {
            "w": 1.5
          },
          "4,0\n\n\n1,4",
          {
            "x": 1,
            "w": 1.5
          },
          "4,2\n\n\n1,4",
          {
            "w": 3
          },
          "4,4\n\n\n1,4",
          {
            "w": 3
          },
          "4,7\n\n\n1,4",
          {
            "w": 1.5
          },
          "4,9\n\n\n1,4",
          {
            "x": 1,
            "w": 1.5
          },
          "4,12\n\n\n1,4"
        ],
        [
          {
            "w": 1.5
          },
          "4,0\n\n\n1,5",
          {
            "x": 1,
            "w": 1.5
          },
          "4,2\n\n\n1,5",
          {
            "w": 6
          },
          "4,5\n\n\n1,5",
          {
            "w": 1.5
          },
          "4,9\n\n\n1,5",
          {
            "x": 1,
            "w": 1.5
          },
          "4,12\n\n\n1,5"
        ]
      ]
    }
  }